{
  "type": "minecraft:entity",
  "pools": [
    {
      "bonus_rolls": 0.0,
      "entries": [
        {
          "type": "minecraft:item",
          "functions": [
            {
              "add": false,
              "count": {
                "type": "minecraft:uniform",
                "max": 1.0,
                "min": 0.0
              },
              "function": "minecraft:set_count"
            },
            {
              "count": {
                "type": "minecraft:uniform",
                "max": 1.0,
                "min": 0.0
              },
              "function": "minecraft:looting_enchant"
            }
          ],
          "name": "minecraft:rotten_flesh"
        }
      ],
      "rolls": 1.0
    },
    {
      "bonus_rolls": 0.0,
      "entries": [
        {
          "type": "minecraft:item",
          "functions": [
            {
              "add": false,
              "count": {
                "type": "minecraft:uniform",
                "max": 1.0,
                "min": 0.0
              },
              "function": "minecraft:set_count"
            },
            {
              "count": {
                "type": "minecraft:uniform",
                "max": 1.0,
                "min": 0.0
              },
              "function": "minecraft:looting_enchant"
            }
          ],
          "name": "minecraft:gold_nugget"
        }
      ],
      "rolls": 1.0
    },
    {
      "bonus_rolls": 0.0,
      "conditions": [
        {
          "condition": "minecraft:killed_by_player"
        },
        {
          "chance": 0.025,
          "condition": "minecraft:random_chance_with_looting",
          "looting_multiplier": 0.01
        }
      ],
      "entries": [
        {
          "type": "minecraft:item",
          "name": "minecraft:gold_ingot"
        }
      ],
      "rolls": 1.0
    },
    {
      "rolls": 1,
      "entries": [
        {
          "type": "minecraft:item",
          "name": "minecraft:warped_fungus_on_a_stick",
          "functions": [
            {
              "function": "minecraft:set_nbt",
              "tag": "{svm.npc.died_jk:1b,svm.npc.died:1b,CustomModelData:623}"
            }
          ],
          "conditions": [
            {
              "condition": "minecraft:entity_properties",
              "entity": "this",
              "predicate": {
                "nbt": "{Tags:[\"svm.jj.npc.jotaro_kujo_part_3\"]}"
              }
            }
          ]
        }
      ]
    },
    {
      "rolls": 1,
      "entries": [
        {
          "type": "minecraft:item",
          "name": "minecraft:warped_fungus_on_a_stick",
          "functions": [
            {
              "function": "minecraft:set_nbt",
              "tag": "{svm.npc.died_jk4:1b,svm.npc.died:1b,CustomModelData:623}"
            }
          ],
          "conditions": [
            {
              "condition": "minecraft:entity_properties",
              "entity": "this",
              "predicate": {
                "nbt": "{Tags:[\"svm.jj.npc.jotaro_kujo_part_4\"]}"
              }
            }
          ]
        }
      ]
    },
    {
      "rolls": 1,
      "entries": [
        {
          "type": "minecraft:item",
          "name": "minecraft:warped_fungus_on_a_stick",
          "functions": [
            {
              "function": "minecraft:set_nbt",
              "tag": "{svm.npc.died_jk6:1b,svm.npc.died:1b,CustomModelData:623}"
            }
          ],
          "conditions": [
            {
              "condition": "minecraft:entity_properties",
              "entity": "this",
              "predicate": {
                "nbt": "{Tags:[\"svm.jj.npc.jotaro_kujo_part_6\"]}"
              }
            }
          ]
        }
      ]
    },
    {
      "rolls": 1,
      "entries": [
        {
          "type": "minecraft:item",
          "name": "minecraft:warped_fungus_on_a_stick",
          "functions": [
            {
              "function": "minecraft:set_nbt",
              "tag": "{svm.npc.died_wb:1b,svm.npc.died:1b,CustomModelData:623}"
            }
          ],
          "conditions": [
            {
              "condition": "minecraft:entity_properties",
              "entity": "this",
              "predicate": {
                "nbt": "{Tags:[\"svm.jj.npc.wes_bluemarine\"]}"
              }
            }
          ]
        }
      ]
    },
    {
      "rolls": 1,
      "entries": [
        {
          "type": "minecraft:item",
          "name": "minecraft:warped_fungus_on_a_stick",
          "functions": [
            {
              "function": "minecraft:set_nbt",
              "tag": "{svm.npc.died_ky:1b,svm.npc.died:1b,CustomModelData:623}"
            }
          ],
          "conditions": [
            {
              "condition": "minecraft:entity_properties",
              "entity": "this",
              "predicate": {
                "nbt": "{Tags:[\"svm.jj.npc.kira_yoshikage\"]}"
              }
            }
          ]
        }
      ]
    },
    {
      "rolls": 1,
      "entries": [
        {
          "type": "minecraft:item",
          "name": "minecraft:warped_fungus_on_a_stick",
          "functions": [
            {
              "function": "minecraft:set_nbt",
              "tag": "{svm.npc.died_d:1b,svm.npc.died:1b,CustomModelData:623}"
            }
          ],
          "conditions": [
            {
              "condition": "minecraft:entity_properties",
              "entity": "this",
              "predicate": {
                "nbt": "{Tags:[\"svm.jj.npc.diavolo\"]}"
              }
            }
          ]
        }
      ]
    },
    {
      "rolls": 1,
      "entries": [
        {
          "type": "minecraft:item",
          "name": "minecraft:warped_fungus_on_a_stick",
          "functions": [
            {
              "function": "minecraft:set_nbt",
              "tag": "{svm.npc.died_dio:1b,svm.npc.died:1b,CustomModelData:623}"
            }
          ],
          "conditions": [
            {
              "condition": "minecraft:entity_properties",
              "entity": "this",
              "predicate": {
                "nbt": "{Tags:[\"svm.jj.npc.dio\"]}"
              }
            }
          ]
        }
      ]
    }
  ]
}