{
  "display": {
    "icon": {
      "item": "minecraft:warped_fungus_on_a_stick",
      "nbt": "{CustomModelData:932}"
    },
    "title": {
      "text": "Another one bites the dust",
      "color": "white",
      "bold": false
    },
    "description": {
      "text": "Obtain Bites The Dust by using Beetle Arrow (dropped from Diavolo) and having Stand Mastery II",
      "color": "green",
      "bold": false,
      "italic": false
    },
    "show_toast": true,
    "announce_to_chat": true,
    "hidden": false
  },
  "parent": "svm_jojo:storyline/get_killer_queen",
  "criteria": {
    "requirement": {
      "trigger": "minecraft:impossible"
    }
  },
  "rewards": {
    "function": "svm_jojo:advancements/uncommon_storyline_reward"
  }
}
