{
  "display": {
    "icon": {
      "item": "minecraft:warped_fungus_on_a_stick",
      "nbt": "{CustomModelData:674}"
    },
    "title": {
      "text": "Stando Power!",
      "color": "gold",
      "bold": false
    },
    "description": {
      "text": "Obtain power of Stand using stand arrow",
      "color": "green",
      "bold": false,
      "italic": false
    },
    "show_toast": true,
    "announce_to_chat": true,
    "hidden": false
  },
  "parent": "svm_jojo:storyline/root",
  "criteria": {
    "requirement": {
      "trigger": "minecraft:impossible"
    }
  },
  "rewards": {
    "function": "svm_jojo:advancements/generic_storyline_reward"
  }
}
