{
  "display": {
    "icon": {
      "item": "minecraft:warped_fungus_on_a_stick",
      "nbt": "{CustomModelData:933}"
    },
    "title": {
      "text": "A plant... And a cat?",
      "color": "white"
    },
    "description": {
      "text": "Obtain Stray Cat"
    }
  },
  "parent": "svm_jojo:storyline/get_killer_queen",
  "criteria": {
    "requirement": {
      "trigger": "minecraft:inventory_changed",
      "conditions": {
        "items": [
          {
            "nbt": "{svm.jj.stray_cat_item:1b}"
          }
        ]
      }
    }
  },
  "rewards": {
    "function": "svm_jojo:advancements/stray_cat"
  }
}
