{
  "display": {
    "icon": {
      "item": "minecraft:warped_fungus_on_a_stick",
      "nbt": "{CustomModelData:824}"
    },
    "title": {
      "text": "So it's the same type of Stand as Star Platinum"
    },
    "description": {
      "text": "Get rid of Jotaro with the help of Star Platinum",
      "color": "green"
    },
    "announce_to_chat": true,
    "hidden": false
  },
  "parent": "svm_jojo:storyline/get_star_platinum",
  "criteria": {
    "requirement": {
      "trigger": "minecraft:player_killed_entity",
      "conditions": {
        "player": {
          "nbt": "{Tags:[star_platinum_user]}"
        },
        "entity": {
          "nbt": "{Tags:[svm.jj.jotaro_kujo]}"
        }
      }
    }
  },
  "rewards": {
    "function": "svm_jojo:advancements/generic_storyline_reward"
  }
}
