{
  "display": {
    "icon": {
      "item": "minecraft:warped_fungus_on_a_stick",
      "nbt": "{CustomModelData:824}"
    },
    "title": {
      "text": "The Joestar bloodline is over!"
    },
    "description": {
      "text": "Get rid of Jotaro with the help of The World",
      "color": "green"
    },
    "announce_to_chat": true,
    "hidden": false
  },
  "parent": "svm_jojo:storyline/get_the_world",
  "criteria": {
    "requirement": {
      "trigger": "minecraft:player_killed_entity",
      "conditions": {
        "player": {
          "nbt": "{Tags:[the_world_user]}"
        },
        "entity": {
          "nbt": "{Tags:[svm.jj.jotaro_kujo]}"
        }
      }
    }
  },
  "rewards": {
    "function": "svm_jojo:advancements/generic_storyline_reward"
  }
}
