{
  "display": {
    "icon": {
      "item": "minecraft:warped_fungus_on_a_stick",
      "nbt": "{CustomModelData:932}"
    },
    "title": {
      "text": "I-I did it! It activated! ",
      "color": "white",
      "bold": false
    },
    "description": {
      "text": "Use and activate Bites The Dust for the first time",
      "color": "green",
      "bold": false,
      "italic": false
    },
    "show_toast": true,
    "announce_to_chat": true,
    "hidden": false
  },
  "parent": "svm_jojo:storyline/get_bites_the_dust",
  "criteria": {
    "requirement": {
      "trigger": "minecraft:impossible"
    }
  },
  "rewards": {
    "function": "svm_jojo:advancements/uncommon_storyline_reward"
  }
}
