{
  "display": {
    "icon": {
      "item": "minecraft:warped_fungus_on_a_stick",
      "nbt": "{CustomModelData:736}"
    },
    "title": {
      "text": "Star Platinum",
      "color": "dark_purple",
      "bold": true
    },
    "description": {
      "text": "~Yare yare...",
      "color": "gray",
      "bold": false,
      "italic": true
    },
    "show_toast": true,
    "announce_to_chat": false,
    "hidden": false
  },
  "parent": "svm_jojo:skill_tree/root",
  "criteria": {
    "requirement": {
      "trigger": "minecraft:impossible"
    }
  }
}
