{
  "display": {
    "icon": {
      "item": "minecraft:warped_fungus_on_a_stick",
      "nbt": "{CustomModelData:880}"
    },
    "title": {
      "text": "The World",
      "color": "white",
      "bold": false
    },
    "description": {
      "text": "Swap orb to your left hand with shift to stop time",
      "color": "gray",
      "bold": false
    },
    "show_toast": true,
    "announce_to_chat": false,
    "hidden": true
  },
  "parent": "svm_jojo:skill_tree/star_platinum/root",
  "criteria": {
    "requirement": {
      "trigger": "minecraft:impossible"
    }
  },
  "rewards": {
    "function": "svm_jojo:advancements/remove_stand_mastery_points"
  }
}
