{
  "display": {
    "icon": {
      "item": "minecraft:diamond_sword"
    },
    "title": {
      "text": "Cleansing Executioner",
      "color": "white",
      "bold": false
    },
    "description": {
      "text": "Defeat 100 aggresive mobs with Weather Report",
      "color": "green",
      "bold": false,
      "italic": false
    },
    "show_toast": true,
    "announce_to_chat": false,
    "hidden": false
  },
  "parent": "svm_jojo:storyline/kills/weather_report/50",
  "criteria": {
    "requirement": {
      "trigger": "minecraft:impossible"
    }
  },
  "rewards": {
    "function": "svm_jojo:advancements/100_kills"
  }
}
