{
  "display": {
    "icon": {
      "item": "minecraft:netherite_sword"
    },
    "title": {
      "text": "Master of the Weather",
      "color": "white",
      "bold": false
    },
    "description": {
      "text": "Defeat 250 aggresive mobs with Weather Report",
      "color": "green",
      "bold": false,
      "italic": false
    },
    "show_toast": true,
    "announce_to_chat": false,
    "hidden": false
  },
  "parent": "svm_jojo:storyline/kills/weather_report/100",
  "criteria": {
    "requirement": {
      "trigger": "minecraft:impossible"
    }
  },
  "rewards": {
    "function": "svm_jojo:advancements/250_kills"
  }
}
