[
  {
    "condition": "minecraft:entity_scores",
    "entity": "this",
    "scores": {
      "svm.wr_power_raining": {
        "min": 680
      }
    }
  },
  {
    "condition": "minecraft:entity_scores",
    "entity": "this",
    "scores": {
      "svm.wr_power_shooting": {
        "min": 1
      }
    }
  },
  {
    "condition": "minecraft:entity_scores",
    "entity": "this",
    "scores": {
      "svm.wr_power_punching": {
        "min": 1
      }
    }
  },
  {
    "condition": "minecraft:entity_scores",
    "entity": "this",
    "scores": {
      "svm.wr_power_barraging": {
        "min": 1
      }
    }
  }
]
