{
  "display": {
    "icon": {
      "item": "minecraft:stone_sword"
    },
    "title": {
      "text": "Loud Boxer",
      "color": "white",
      "bold": false
    },
    "description": {
      "text": "Defeat 10 aggresive mobs with Star Platinum",
      "color": "green",
      "bold": false,
      "italic": false
    },
    "show_toast": true,
    "announce_to_chat": false,
    "hidden": false
  },
  "parent": "svm_jojo:storyline/kills/star_platinum/5",
  "criteria": {
    "requirement": {
      "trigger": "minecraft:impossible"
    }
  },
  "rewards": {
    "function": "svm_jojo:advancements/10_kills"
  }
}
