{
  "display": {
    "icon": {
      "item": "minecraft:wooden_sword"
    },
    "title": {
      "text": "Weaklings!",
      "color": "white",
      "bold": false
    },
    "description": {
      "text": "Defeat 5 aggresive mobs with The World",
      "color": "green",
      "bold": false,
      "italic": false
    },
    "show_toast": true,
    "announce_to_chat": false,
    "hidden": false
  },
  "parent": "svm_jojo:storyline/get_the_world",
  "criteria": {
    "requirement": {
      "trigger": "minecraft:impossible"
    }
  },
  "rewards": {
    "function": "svm_jojo:advancements/5_kills"
  }
}
