{
  "display": {
    "icon": {
      "item": "minecraft:iron_chestplate"
    },
    "title": {
      "text": "Air Protection",
      "color": "white",
      "bold": false
    },
    "description": {
      "text": "Swap orb to your left hand with shift to put protective bubbles around you",
      "color": "gray",
      "bold": false
    },
    "show_toast": true,
    "announce_to_chat": false,
    "hidden": true
  },
  "parent": "svm_jojo:skill_tree/killer_queen/stray_cat",
  "criteria": {
    "requirement": {
      "trigger": "minecraft:impossible"
    }
  }
}
