{
  "display": {
    "icon": {
      "item": "minecraft:warped_fungus_on_a_stick",
      "nbt": "{CustomModelData:925}"
    },
    "title": {
      "text": "Bites The Dust",
      "color": "white",
      "bold": false
    },
    "description": {
      "text": "Hold shift and double right-click to place your Bites The Dust on mob. After mob being damaged, it will activate Bites The Dust",
      "color": "gray",
      "bold": false
    },
    "show_toast": true,
    "announce_to_chat": false,
    "hidden": true
  },
  "parent": "svm_jojo:skill_tree/killer_queen/root",
  "criteria": {
    "requirement": {
      "trigger": "minecraft:impossible"
    }
  }
}
