{
  "display": {
    "icon": {
      "item": "minecraft:warped_fungus_on_a_stick",
      "nbt": "{CustomModelData:733}"
    },
    "title": {
      "text": "Explosive Bubble",
      "color": "white",
      "bold": false
    },
    "description": {
      "text": "Right-click to turn another air bubble into a bomb",
      "color": "gray",
      "bold": false
    },
    "show_toast": true,
    "announce_to_chat": false,
    "hidden": true
  },
  "parent": "svm_jojo:skill_tree/killer_queen/stray_cat",
  "criteria": {
    "requirement": {
      "trigger": "minecraft:impossible"
    }
  }
}
