{
  "display": {
    "icon": {
      "item": "minecraft:warped_fungus_on_a_stick",
      "nbt": "{CustomModelData:934}"
    },
    "title": {
      "text": "Following Bubble",
      "color": "white",
      "bold": false
    },
    "description": {
      "text": "Press right-click with shift to release a bubble that when used again, changes its rotation to the user",
      "color": "gray",
      "bold": false
    },
    "show_toast": true,
    "announce_to_chat": false,
    "hidden": true
  },
  "parent": "svm_jojo:skill_tree/killer_queen/air_bubble",
  "criteria": {
    "requirement": {
      "trigger": "minecraft:impossible"
    }
  }
}
