{
  "display": {
    "icon": {
      "item": "minecraft:warped_fungus_on_a_stick",
      "nbt": "{CustomModelData:933}"
    },
    "title": {
      "text": "First Bomb",
      "color": "white",
      "bold": false
    },
    "description": {
      "text": "Press drop key + shift with orb and Stray Cat in left hand to switch to Stray Cats moveset",
      "color": "gray",
      "bold": false
    },
    "show_toast": true,
    "announce_to_chat": false,
    "hidden": true
  },
  "parent": "svm_jojo:skill_tree/killer_queen/root",
  "criteria": {
    "requirement": {
      "trigger": "minecraft:impossible"
    }
  }
}
