{
  "pools": [
    {
      "rolls": 1,
      "entries": [
        {
          "type": "minecraft:item",
          "name": "minecraft:warped_fungus_on_a_stick",
          "functions": [
            {
              "function": "minecraft:set_lore",
              "lore": [
                {
                  "text": "Killer Queen (Queen of Ice)",
                  "color": "gold",
                  "bold": false,
                  "italic": true
                }
              ]
            },
            {
              "function": "minecraft:set_name",
              "name": {
                "text": "Stand Disc",
                "color": "aqua",
                "bold": true,
                "italic": false
              }
            },
            {
              "function": "minecraft:set_nbt",
              "tag": "{CustomModelData:683,svm.jj.item:1b,svm.stand_disc:1b,svm.killer_queen_disc:1b,svm.killer_queen_skin_disc:1b,svm.killer_queen_icy_disc:1b}"
            }
          ]
        }
      ]
    }
  ]
}
