{
  "pools": [
    {
      "rolls": 1,
      "entries": [
        {
          "type": "minecraft:loot_table",
          "name": "svm_jojo:disc/shiny_star_platinum"
        },
        {
          "type": "minecraft:loot_table",
          "name": "svm_jojo:disc/shiny_killer_queen"
        },
        {
          "type": "minecraft:loot_table",
          "name": "svm_jojo:disc/shiny_weather_report"
        },
        {
          "type": "minecraft:loot_table",
          "name": "svm_jojo:disc/shiny_king_crimson"
        },
        {
          "type": "minecraft:loot_table",
          "name": "svm_jojo:disc/shiny_the_world"
        }
      ]
    }
  ]
}