{
  "display": {
    "icon": {
      "item": "minecraft:iron_sword"
    },
    "title": {
      "text": "Master of Detonation",
      "color": "white",
      "bold": false
    },
    "description": {
      "text": "Defeat 25 aggresive mobs with Killer Queen",
      "color": "green",
      "bold": false,
      "italic": false
    },
    "show_toast": true,
    "announce_to_chat": false,
    "hidden": false
  },
  "parent": "svm_jojo:storyline/kills/killer_queen/10",
  "criteria": {
    "requirement": {
      "trigger": "minecraft:impossible"
    }
  },
  "rewards": {
    "function": "svm_jojo:advancements/25_kills"
  }
}
