{
  "display": {
    "icon": {
      "item": "minecraft:warped_fungus_on_a_stick",
      "nbt": "{CustomModelData:677}"
    },
    "title": {
      "text": "Cloud Shoot",
      "color": "white",
      "bold": false
    },
    "description": {
      "text": "Press shift and right click to shoot a cloud that follows and strikes enemies with lighting! (Can be used on raining clouds to strike lightnings)",
      "color": "gray",
      "bold": false
    },
    "show_toast": true,
    "announce_to_chat": false,
    "hidden": true
  },
  "parent": "svm_jojo:skill_tree/weather_report/rain",
  "criteria": {
    "requirement": {
      "trigger": "minecraft:impossible"
    }
  },
  "rewards": {
    "function": "svm_jojo:advancements/remove_stand_mastery_points"
  }
}
