{
  "display": {
    "icon": {
      "item": "minecraft:warped_fungus_on_a_stick",
      "nbt": "{CustomModelData:1209}"
    },
    "title": {
      "text": "Lightning Strike",
      "color": "white",
      "bold": false
    },
    "description": {
      "text": "Press drop key to summon a lightning at a mob or cursor!",
      "color": "gray",
      "bold": false
    },
    "show_toast": true,
    "announce_to_chat": false,
    "hidden": true
  },
  "parent": "svm_jojo:skill_tree/weather_report/rain",
  "criteria": {
    "requirement": {
      "trigger": "minecraft:impossible"
    }
  },
  "rewards": {
    "function": "svm_jojo:advancements/remove_stand_mastery_points"
  }
}
