{
  "display": {
    "icon": {
      "item": "minecraft:warped_fungus_on_a_stick",
      "nbt": "{CustomModelData:681}"
    },
    "title": {
      "text": "Rain",
      "color": "white",
      "bold": false
    },
    "description": {
      "text": "Drop orb whilst looking down to start a local rain! Grants you with a lot of passives and",
      "color": "gray",
      "bold": false
    },
    "show_toast": true,
    "announce_to_chat": false,
    "hidden": true
  },
  "parent": "svm_jojo:skill_tree/weather_report/root",
  "criteria": {
    "requirement": {
      "trigger": "minecraft:impossible"
    }
  },
  "rewards": {
    "function": "svm_jojo:advancements/remove_stand_mastery_points"
  }
}
