{
  "pools": [
    {
      "rolls": 1,
      "entries": [
        {
          "type": "minecraft:item",
          "name": "minecraft:warped_fungus_on_a_stick",
          "functions": [
            {
              "function": "minecraft:set_lore",
              "lore": [
                {
                  "text": "Holds more than ashes from the dead...",
                  "color": "gray",
                  "bold": false,
                  "italic": false
                }
              ]
            },
            {
              "function": "minecraft:set_name",
              "name": {
                "text": "Dio's Bone",
                "color": "gold",
                "bold": true,
                "italic": false
              }
            },
            {
              "function": "minecraft:set_nbt",
              "tag": "{CustomModelData:650,svm.jj.item:1b,svm.dio_bone:1b}"
            }
          ]
        }
      ]
    }
  ]
}
