{
  "pools": [
    {
      "rolls": 1,
      "entries": [
        {
          "type": "minecraft:item",
          "name": "minecraft:warped_fungus_on_a_stick",
          "functions": [
            {
              "function": "minecraft:set_name",
              "name": {
                "text": "Gun",
                "color": "aqua",
                "italic": false
              }
            },
            {
              "function": "minecraft:set_nbt",
              "tag": "{svm.jj.pistol:1b,CustomModelData:883}"
            }
          ]
        }
      ]
    }
  ]
}
