{
  "pools": [
    {
      "rolls": 1,
      "entries": [
        {
          "type": "minecraft:item",
          "name": "minecraft:warped_fungus_on_a_stick",
          "functions": [
            {
              "function": "minecraft:set_name",
              "name": {
                "text": "Jotaro Hat",
                "color": "aqua",
                "italic": "false"
              }
            },
            {
              "function": "minecraft:set_nbt",
              "tag": "{CustomModelData:887,svm.jj.hat:1b,svm.jj.jotaro_hat:1b}"
            }
          ]
        }
      ]
    }
  ]
}
