{
  "pools": [
    {
      "rolls": 1,
      "entries": [
        {
          "type": "minecraft:loot_table",
          "weight": 9,
          "name": "svm_jojo:stand_arrow"
        },
        {
          "type": "minecraft:loot_table",
          "weight": 4,
          "name": "svm_jojo:hat"
        },
        {
          "type": "minecraft:loot_table",
          "weight": 3,
          "name": "svm_jojo:disc/shiny"
        },
        {
          "type": "minecraft:loot_table",
          "name": "svm_jojo:disc/shiny_all"
        }
      ]
    }
  ]
}