{
  "pools": [
    {
      "rolls": 1,
      "entries": [
        {
          "type": "minecraft:item",
          "name": "minecraft:warped_fungus_on_a_stick",
          "functions": [
            {
              "function": "minecraft:set_lore",
              "lore": [
                [
                  {
                    "text": "Starry Night ",
                    "color": "yellow",
                    "italic": false
                  },
                  {
                    "text": "- Vincent Van Gogh",
                    "color": "gray",
                    "italic": false
                  }
                ]
              ]
            },
            {
              "function": "minecraft:set_name",
              "name": {
                "text": "Painting",
                "italic": false
              }
            },
            {
              "function": "minecraft:set_nbt",
              "tag": "{CustomModelData:1095,svm.jj.painting:1b,svm.jj.starry_night:1b}"
            }
          ]
        }
      ]
    }
  ]
}
