{
  "pools": [
    {
      "rolls": 1,
      "entries": [
        {
          "type": "minecraft:item",
          "name": "minecraft:warped_fungus_on_a_stick",
          "functions": [
            {
              "function": "minecraft:set_name",
              "name": {
                "text": "Stray Cat",
                "color": "green",
                "italic": false
              }
            },
            {
              "function": "minecraft:set_nbt",
              "tag": "{svm.jj.stray_cat_item:1b,svm.jj.stray_cat:0b,CustomModelData:908}"
            }
          ]
        }
      ]
    }
  ]
}
