{
  "display": {
    "icon": {
      "item": "minecraft:warped_fungus_on_a_stick",
      "nbt": "{CustomModelData:1018}"
    },
    "title": {
      "text": "King Crimson",
      "color": "red",
      "bold": true
    },
    "description": {
      "text": "~My only goal is to remain at the top!",
      "color": "gray",
      "bold": false,
      "italic": true
    },
    "show_toast": true,
    "announce_to_chat": false,
    "hidden": false
  },
  "parent": "svm_jojo:skill_tree/root",
  "criteria": {
    "requirement": {
      "trigger": "minecraft:impossible"
    }
  }
}
